{"strat_0": -0.012450867986172065, "strat_1": -0.013563260810649368, "strat_2": 0.003949667487306809, "strat_3": -0.026517484476494983, "strat_4": 0.0012683205527805046, "strat_5": 0.001577662012998523, "strat_6": 0.00028745345737121085, "strat_7": 0.005579491603824397, "strat_8": -0.00011562196580644023, "strat_9": 0.01000328274025422, "strat_10": 0.034641225009099184, "strat_11": 0.0267812850277335, "strat_12": -0.004489004584317965, "strat_13": -0.01444326685828222, "strat_14": -0.0025434274700537225, "strat_15": -0.01592970403062404, "strat_16": -0.0038718540076948774, "strat_17": 0.015863204330321883, "strat_18": 0.005124187595017562, "strat_19": -0.01679986049192157, "strat_20": -0.0048415932551363105, "strat_21": -0.0037037481584911683, "strat_22": 0.0054535318753391624, "strat_23": -0.005786874136067997, "strat_24": 0.0052894881102411116, "strat_25": -0.0024055686452190434, "strat_26": 0.00460602971380918, "strat_27": 0.0008624936102088, "strat_28": -0.0019055159192644783, "strat_29": -0.08652045049807518, "strat_30": 0.0017292451166907481, "strat_31": -6.141370363945402e-09, "strat_32": 0.007511437237835371, "strat_33": 0.007021635898152693, "strat_34": -0.0016984206675971273, "strat_35": -0.027475303024207535, "strat_36": 0.03984766023060665, "strat_37": -0.015973443625958587, "strat_38": -0.0017749267541115595, "strat_39": 0.0029811246910682694, "strat_40": 0.004366208831520283, "strat_41": 0.021726831963815106, "strat_42": -0.0375904298641481, "strat_43": -0.006707080015864223, "strat_44": 0.005459684192042813, "strat_45": -0.007506483174291805, "strat_46": 0.002074937862164581, "strat_47": 0.004104734333917847, "strat_48": -0.02397071495815292, "strat_49": -0.028887776906044497, "strat_50": 0.0008966086322537535, "strat_51": -0.004789597490979095, "strat_52": -0.00496589750468309, "strat_53": 0.018883971817862968, "strat_54": 0.007333975143398412, "strat_55": 0.02187749664460166, "strat_56": 0.0007161778097374876, "strat_57": 0.0031033273095114307, "strat_58": 0.0022768690659521573, "strat_59": -0.0037561023091670386, "strat_60": 0.012657367641725826, "strat_61": 0.0001987201938313682, "strat_62": -0.010720390181905664, "strat_63": 0.008766460287877734, "strat_64": -0.0012351535233604747, "strat_65": -0.03464255986718773, "strat_66": 0.007556674276858652, "strat_67": -0.008840650302952068, "strat_68": 0.010513556819998257, "strat_69": 0.026024614523659288, "strat_70": 0.015431949583356525, "strat_71": -0.009700085815738141, "strat_72": -0.003920555915984445, "strat_73": 0.017820180060468614, "strat_74": -0.0060017592441907516, "strat_75": -0.014710599564446127, "strat_76": 0.0011923032039345342, "strat_77": -0.0105002143503502, "strat_78": 0.014888847713752167, "strat_79": -0.0055675880421781326, "strat_80": 0.02311543010272369, "strat_81": 0.009761993789127137, "strat_82": -0.0029738707717039347, "strat_83": 0.013265884506789725, "strat_84": -0.06724746960706268, "strat_85": -0.008561584470550452, "team_name": "The Big O Squad", "passcode": "We have Sharpe minds"}